-- MySQL dump 10.13  Distrib 8.0.16, for macos10.14 (x86_64)
--
-- Host: localhost    Database: example
-- ------------------------------------------------------
-- Server version	8.0.11

/*!40101 SET @OLD_CHARACTER_SET_CLIENT=@@CHARACTER_SET_CLIENT */;
/*!40101 SET @OLD_CHARACTER_SET_RESULTS=@@CHARACTER_SET_RESULTS */;
/*!40101 SET @OLD_COLLATION_CONNECTION=@@COLLATION_CONNECTION */;
 SET NAMES utf8 ;
/*!40103 SET @OLD_TIME_ZONE=@@TIME_ZONE */;
/*!40103 SET TIME_ZONE='+00:00' */;
/*!40014 SET @OLD_UNIQUE_CHECKS=@@UNIQUE_CHECKS, UNIQUE_CHECKS=0 */;
/*!40014 SET @OLD_FOREIGN_KEY_CHECKS=@@FOREIGN_KEY_CHECKS, FOREIGN_KEY_CHECKS=0 */;
/*!40101 SET @OLD_SQL_MODE=@@SQL_MODE, SQL_MODE='NO_AUTO_VALUE_ON_ZERO' */;
/*!40111 SET @OLD_SQL_NOTES=@@SQL_NOTES, SQL_NOTES=0 */;

--
-- Table structure for table `organization`
--

DROP TABLE IF EXISTS `organization`;
/*!40101 SET @saved_cs_client     = @@character_set_client */;
 SET character_set_client = utf8mb4 ;
CREATE TABLE `organization` (
  `id` bigint(20) NOT NULL AUTO_INCREMENT,
  `organization_zh_name` varchar(128) NOT NULL,
  `organization_en_name` varchar(128) NOT NULL,
  `description` text,
  `background_location` varchar(128) DEFAULT NULL,
  `logo_location` varchar(128) DEFAULT NULL,
  `create_time` bigint(20) DEFAULT NULL,
  `update_time` bigint(20) DEFAULT NULL,
  PRIMARY KEY (`id`)
) ENGINE=InnoDB AUTO_INCREMENT=2 DEFAULT CHARSET=utf8mb4 COLLATE=utf8mb4_0900_ai_ci;
/*!40101 SET character_set_client = @saved_cs_client */;

--
-- Dumping data for table `organization`
--

LOCK TABLES `organization` WRITE;
/*!40000 ALTER TABLE `organization` DISABLE KEYS */;
INSERT INTO `organization` VALUES (1,'厦门大学','xiamen University','厦大','no','no',NULL,NULL);
/*!40000 ALTER TABLE `organization` ENABLE KEYS */;
UNLOCK TABLES;

--
-- Table structure for table `permission`
--

DROP TABLE IF EXISTS `permission`;
/*!40101 SET @saved_cs_client     = @@character_set_client */;
 SET character_set_client = utf8mb4 ;
CREATE TABLE `permission` (
  `id` bigint(20) NOT NULL AUTO_INCREMENT,
  `menu_code` varchar(255) DEFAULT NULL,
  `menu_name` varchar(255) DEFAULT NULL,
  `permission_code` varchar(255) DEFAULT NULL,
  `permission_name` varchar(255) DEFAULT NULL,
  `required_permission` tinyint(1) DEFAULT NULL,
  `create_time` bigint(20) DEFAULT NULL,
  `update_time` bigint(20) DEFAULT NULL,
  PRIMARY KEY (`id`)
) ENGINE=InnoDB AUTO_INCREMENT=8 DEFAULT CHARSET=utf8mb4 COLLATE=utf8mb4_0900_ai_ci;
/*!40101 SET character_set_client = @saved_cs_client */;

--
-- Dumping data for table `permission`
--

LOCK TABLES `permission` WRITE;
/*!40000 ALTER TABLE `permission` DISABLE KEYS */;
INSERT INTO `permission` VALUES (1,'user','用户','user:list','列表',NULL,NULL,NULL),(2,'user','用户','user:add','新增',NULL,NULL,NULL),(3,'permission','权限','permission:list','列表',NULL,NULL,NULL),(4,'project','项目','project:list','列表',NULL,NULL,NULL),(5,'project','项目','project:add','新增',NULL,NULL,NULL),(6,'role','角色','role:list','列表',NULL,NULL,NULL),(7,'role','角色','role:add','新增',NULL,NULL,NULL);
/*!40000 ALTER TABLE `permission` ENABLE KEYS */;
UNLOCK TABLES;

--
-- Table structure for table `project`
--

DROP TABLE IF EXISTS `project`;
/*!40101 SET @saved_cs_client     = @@character_set_client */;
 SET character_set_client = utf8mb4 ;
CREATE TABLE `project` (
  `id` bigint(20) NOT NULL AUTO_INCREMENT,
  `organization_id` bigint(20) NOT NULL,
  `project_zh_name` varchar(128) DEFAULT NULL,
  `project_en_name` varchar(128) DEFAULT NULL,
  `description` text,
  `create_time` bigint(20) DEFAULT NULL,
  `update_time` bigint(20) DEFAULT NULL,
  PRIMARY KEY (`id`)
) ENGINE=InnoDB AUTO_INCREMENT=10 DEFAULT CHARSET=utf8mb4 COLLATE=utf8mb4_0900_ai_ci;
/*!40101 SET character_set_client = @saved_cs_client */;

--
-- Dumping data for table `project`
--

LOCK TABLES `project` WRITE;
/*!40000 ALTER TABLE `project` DISABLE KEYS */;
INSERT INTO `project` VALUES (-1,-1,'默认项目','project',NULL,NULL,NULL),(1,1,'化学研究','chemistry','化学研究文献',NULL,NULL),(2,1,'生物文献','biology','生物文献',NULL,NULL),(3,1,'计算机文献研究','CS','计算机文献研究',NULL,NULL),(8,1,'测试','test',NULL,1563527185673,NULL),(9,1,'随便','nobody care',NULL,1563530323420,NULL);
/*!40000 ALTER TABLE `project` ENABLE KEYS */;
UNLOCK TABLES;

--
-- Table structure for table `role`
--

DROP TABLE IF EXISTS `role`;
/*!40101 SET @saved_cs_client     = @@character_set_client */;
 SET character_set_client = utf8mb4 ;
CREATE TABLE `role` (
  `id` bigint(20) NOT NULL AUTO_INCREMENT,
  `project_id` bigint(20) NOT NULL,
  `status` int(11) DEFAULT NULL,
  `create_time` bigint(20) DEFAULT NULL,
  `update_time` bigint(20) DEFAULT NULL,
  `role_name` varchar(32) DEFAULT NULL,
  PRIMARY KEY (`id`)
) ENGINE=InnoDB AUTO_INCREMENT=5 DEFAULT CHARSET=utf8mb4 COLLATE=utf8mb4_0900_ai_ci;
/*!40101 SET character_set_client = @saved_cs_client */;

--
-- Dumping data for table `role`
--

LOCK TABLES `role` WRITE;
/*!40000 ALTER TABLE `role` DISABLE KEYS */;
INSERT INTO `role` VALUES (1,-1,1,NULL,NULL,'超级管理员'),(2,-1,1,NULL,NULL,'项目管理员'),(3,1,1,NULL,NULL,'项目管理员'),(4,1,1,NULL,NULL,'审核员');
/*!40000 ALTER TABLE `role` ENABLE KEYS */;
UNLOCK TABLES;

--
-- Table structure for table `role_permission`
--

DROP TABLE IF EXISTS `role_permission`;
/*!40101 SET @saved_cs_client     = @@character_set_client */;
 SET character_set_client = utf8mb4 ;
CREATE TABLE `role_permission` (
  `id` bigint(20) NOT NULL AUTO_INCREMENT,
  `role_id` bigint(20) NOT NULL,
  `permission_id` bigint(20) NOT NULL,
  `status` int(11) DEFAULT NULL,
  `create_time` bigint(20) DEFAULT NULL,
  `update_time` bigint(20) DEFAULT NULL,
  PRIMARY KEY (`id`)
) ENGINE=InnoDB AUTO_INCREMENT=12 DEFAULT CHARSET=utf8mb4 COLLATE=utf8mb4_0900_ai_ci;
/*!40101 SET character_set_client = @saved_cs_client */;

--
-- Dumping data for table `role_permission`
--

LOCK TABLES `role_permission` WRITE;
/*!40000 ALTER TABLE `role_permission` DISABLE KEYS */;
INSERT INTO `role_permission` VALUES (1,1,1,1,NULL,NULL),(2,1,2,1,NULL,NULL),(3,1,3,1,NULL,NULL),(4,1,4,1,NULL,NULL),(5,1,5,1,NULL,NULL),(6,2,1,1,NULL,NULL),(7,2,2,1,NULL,NULL),(8,2,3,1,NULL,NULL),(9,4,4,1,NULL,NULL),(10,1,6,1,NULL,NULL),(11,1,7,1,NULL,NULL);
/*!40000 ALTER TABLE `role_permission` ENABLE KEYS */;
UNLOCK TABLES;

--
-- Table structure for table `user`
--

DROP TABLE IF EXISTS `user`;
/*!40101 SET @saved_cs_client     = @@character_set_client */;
 SET character_set_client = utf8mb4 ;
CREATE TABLE `user` (
  `id` bigint(20) NOT NULL AUTO_INCREMENT,
  `username` varchar(64) NOT NULL,
  `password` varchar(255) NOT NULL,
  `nickname` varchar(45) DEFAULT NULL,
  `status` int(11) DEFAULT NULL,
  `salt` varchar(64) DEFAULT NULL,
  `create_time` bigint(20) DEFAULT NULL,
  `update_time` bigint(20) DEFAULT NULL,
  PRIMARY KEY (`id`),
  UNIQUE KEY `username_UNIQUE` (`username`)
) ENGINE=InnoDB AUTO_INCREMENT=4 DEFAULT CHARSET=utf8mb4 COLLATE=utf8mb4_0900_ai_ci;
/*!40101 SET character_set_client = @saved_cs_client */;

--
-- Dumping data for table `user`
--

LOCK TABLES `user` WRITE;
/*!40000 ALTER TABLE `user` DISABLE KEYS */;
INSERT INTO `user` VALUES (1,'Admin','123456','Admin',1,NULL,NULL,1),(2,'User1','123456','user',1,NULL,1,NULL),(3,'user2','123456','testadd',1,NULL,NULL,NULL);
/*!40000 ALTER TABLE `user` ENABLE KEYS */;
UNLOCK TABLES;

--
-- Table structure for table `user_role`
--

DROP TABLE IF EXISTS `user_role`;
/*!40101 SET @saved_cs_client     = @@character_set_client */;
 SET character_set_client = utf8mb4 ;
CREATE TABLE `user_role` (
  `id` bigint(20) NOT NULL AUTO_INCREMENT,
  `role_id` bigint(20) NOT NULL,
  `user_id` bigint(20) NOT NULL,
  PRIMARY KEY (`id`)
) ENGINE=InnoDB AUTO_INCREMENT=6 DEFAULT CHARSET=utf8mb4 COLLATE=utf8mb4_0900_ai_ci;
/*!40101 SET character_set_client = @saved_cs_client */;

--
-- Dumping data for table `user_role`
--

LOCK TABLES `user_role` WRITE;
/*!40000 ALTER TABLE `user_role` DISABLE KEYS */;
INSERT INTO `user_role` VALUES (1,1,1),(2,2,2),(3,3,3),(4,4,3),(5,4,1);
/*!40000 ALTER TABLE `user_role` ENABLE KEYS */;
UNLOCK TABLES;
/*!40103 SET TIME_ZONE=@OLD_TIME_ZONE */;

/*!40101 SET SQL_MODE=@OLD_SQL_MODE */;
/*!40014 SET FOREIGN_KEY_CHECKS=@OLD_FOREIGN_KEY_CHECKS */;
/*!40014 SET UNIQUE_CHECKS=@OLD_UNIQUE_CHECKS */;
/*!40101 SET CHARACTER_SET_CLIENT=@OLD_CHARACTER_SET_CLIENT */;
/*!40101 SET CHARACTER_SET_RESULTS=@OLD_CHARACTER_SET_RESULTS */;
/*!40101 SET COLLATION_CONNECTION=@OLD_COLLATION_CONNECTION */;
/*!40111 SET SQL_NOTES=@OLD_SQL_NOTES */;

-- Dump completed on 2019-07-19 18:06:43
